Drug name , Private patient prices  
ABBOCILLIN V 250MG 100ML COCO ICE 1,$25
ABBOCILLIN V DULCET 125MG 25 1,$20
Abbocillin V Susp 150mg/5mL 100mL 1,$30
ABBOCILLIN V SUSP BANANA 125MG 1,$25
ABBOCILLIN VK CAP 250MG 25 1,$20
Abbocillin VK Tablets 250mg 25,$20
Abbocillin VK Tablets 500mg 25,$20
Abilify Maintena Vial 300mg 1,$400
Abilify Maintena Vial 400mg 1,$420
Abilify Tablets 15mg 30,$110
Abilify Tablets 20mg 30,$120
Abilify Tablets 30mg 30,$130
Abilify Tablets 5mg 30,$170
Abisart 150 Tablets 150mg 30,$20
Abisart 300 Tablets 300mg 30,$30
Abisart 75 Tablets 75mg 30,$20
Abisart HCTZ Tablets 150mg-12.5mg 30,$20
Abisart HCTZ Tablets 300mg-12.5mg 30,$30
Abisart HCTZ Tablets 300mg-25mg 30,$30
Accupril Tablets 10mg 30,$30
Accupril Tablets 20mg 30,$30
Accupril Tablets 5mg 30,$30
Accuretic Tablets 10mg-12.5mg 30,$25
Accuretic Tablets 20mg-12.5mg 30,$30
Acetec Tablets 10mg 30,$30
Acetec Tablets 20mg 30,$35
Acetec Tablets 5mg 30,$20
ACHROMYCIN CAP 250MG 24 1,$20
Aciclovir APO Tablets 200mg 90,$55
Aciclovir APOTEX Tablets 200mg 50,$35
Aciclovir APOTEX Tablets 200mg 90,$55
Aciclovir APOTEX Tablets 800mg 35,$60
Acihexal Tablets 200mg 90,$70
Acimax Tabs EC 20mg 30,$20
Aclor Susp 125mg/5mL 100mL 1,$20
Aclor Susp 250mg/5mL 75mL 1,$20
Acpio Tablets 15mg 28,$35
Acpio Tablets 30mg 28,$45
Acquin Aspen Tablets 10mg 30,$30
Acquin Tablets 20mg 30,$30
Acquin Tablets 5mg 30,$20
Actacode Linctus 5mg/1mL 100mL 1,$25
Actaze Tablets 15mg 28,$35
Actaze Tablets 30mg 28,$35
Actaze Tablets 45mg 28,$35
Actilax Syrup 3.34g/5mL 500mL 1,$20
Actonel EC Combi D Tabs EC 35mg [4] 2.5g-22mcg [24] 1,$50
Actonel EC Combi Tabs EC 35mg [4] 1.25g [24] 1,$60
Actonel EC Once A Week Tabs EC 35mg 4,$50
Actonel Once A Month Tablets 150mg 1,$55
Actos Tablets 15mg 28,$30
Actos Tablets 30mg 28,$35
Actos Tablets 45mg 28,$35
Acular Eye Drops 0.5% 5mL 1,$25
Adacel Polio Pref Syrng 0.5mL 1,$90
Adacel Vial 0.5mL 1,$55
Adalat Oros Tabs SR 20mg 30,$30
Adalat Oros Tabs SR 30mg 30,$30
Adalat Oros Tabs SR 60mg 30,$35
Adalat Tablets 10mg 60,$30
Adalat Tablets 20mg 60,$30
Addos XR Tabs SR 30mg 30,$30
Addos XR Tabs SR 60mg 30,$30
Adefin 10 Tablets 10mg 60,$25
ADEFIN TAB 20MG X  60 BLIST 1,$25
Adefin XL Tabs SR 30mg 30,$30
Adefin XL Tabs SR 60mg 30,$35
Adenosine Mylan Vial 6mg/2mL 6,$220
Adesan HCT Tablets 16mg-12.5mg 30,$30
Adesan HCT Tablets 32mg-12.5mg 30,$30
Adesan HCT Tablets 32mg-25mg 30,$30
Adesan Tablets 16mg 30,$20
Adesan Tablets 32mg 30,$30
Adesan Tablets 4mg 30,$20
Adesan Tablets 8mg 30,$20
Advantan Cream 0.1% 15g 1,$25
Advantan Fatty Ointment 0.1% 15g 1,$25
Advantan Lotion 0.1% 20g 1,$25
Advantan Ointment 0.1% 15g 1,$25
Aeron UDV 250mcg/1mL(30) 1mL 1,$30
Aeron UDV 500mcg/1mL(30) 1mL 1,$35
AKAMIN CAP 100MG 11 1,$20
Akamin Tablets 50mg 60,$30
Aldactone Tablets 100mg 100,$50
Aldactone Tablets 25mg 100,$35
Aldara Cream 5%(12) 250mg 1,$110
Aldara Cream 5%(6) 250mg 6,$85
Aldara Pump Single Pack Cream 5% 2g 1,$75
Aldara Pump Twin Pack Cream 5%(2) 2g 1,$120
Aldiq Cream 5%(6) 250mg 6,$35
Aldomet Tablets 250mg 100,$30
Alendro Once Weekly Tablets 70mg 4,$20
ALENDRONATE + D3 SNDZ 70MG 1,$25
Alendronate APO Tablets 70mg 4,$30
ALENDRONATE D3 70/140MCG ACTAVIS TAB 4 1,$45
ALENDRONATE D3 70MG/70MCG TAB 4 1,$45
Alendronate D3 Calcium Act Tablets 70mg-140mcg-500mg 1,$55
Alendronate Plus D3 APOTEX Tablets 70mg-140mcg 4,$25
Alendronate Plus D3 APOTEX Tablets 70mg-70mcg 4,$25
Alendronate Plus D3 SNZ Tablets 70mg-140mcg 4,$25
Alendronate Plus D3 SNZ Tablets 70mg-70mcg 4,$45
Alepam (bt) Tablets 15mg 25,$20
Alepam (bt) Tablets 30mg 25,$20
Allegron Tablets 10mg 50,$20
Allegron Tablets 25mg 50,$25
Allopurinol APOTEX Tablets 100mg 200,$30
Allopurinol APOTEX Tablets 300mg 60,$30
Allosig Tablets 100mg 200,$20
Allosig Tablets 300mg 60,$30
Alodorm Tablets 5mg 25,$20
AlphaClav Duo Ft Tablets 875mg-125mg 10,$30
AlphaClav Duo Tablets 500mg-125mg 10,$25
Alphagan Eye Drops 0.2% 5mL 1,$35
Alphagan P Eye Drops 0.15% 5mL 1,$35
Alphamox Capsules 250mg 20,$20
Alphamox Capsules 500mg 20,$30
Alphamox Syrup 125mg/5mL 100mL 1,$20
Alphamox Syrup 250mg/5mL 100mL 1,$20
Alphapress Tablets 25mg 100,$30
Alphapress Tablets 50mg 100,$30
Alprim Tablets 300mg 7,$30
Alvesco Inhaler 160mcg/d 120d 1,$55
Alvesco Inhaler 80mcg/d 120d 1,$35
Amaryl Tablets 1mg 30,$20
Amaryl Tablets 2mg 30,$20
Amaryl Tablets 3mg 30,$20
Amaryl Tablets 4mg 30,$25
Amclavox Duo Ft Tablets 875mg-125mg 10,$25
Amclavox Duo Tablets 500mg-125mg 10,$25
Amdarone Tablets 200mg 30,$25
Amethocaine Min Eye Drops 0.5% 20,$80
Amethocaine Min Eye Drops 1% 20,$85
AMIKACIN INJ 500MG 5X2ML 1,$670
Amiloxyn Capsules 250mg 20,$25
Amiloxyn Capsules 500mg 20,$30
Amipride Tablets 400mg 60,$75
Amira Tablets 150mg 60,$30
Amisulpride APO Tablets 100mg 30,$25
Amisulpride APO Tablets 200mg 60,$55
Amisulpride APO Tablets 400mg 60,$75
Amitriptyline APO Tablets 10mg 50,$20
Amitriptyline APO Tablets 25mg 50,$20
Amitriptyline APO Tablets 50mg 50,$20
Amlo Tablets 10mg 30,$20
Amlo Tablets 5mg 30,$20
Amlodipine/Atorvastatin APO Tablets 10mg-10mg 30,$20
Amlodipine/Atorvastatin APO Tablets 10mg-20mg 30,$20
Amlodipine/Atorvastatin APO Tablets 10mg-40mg 30,$25
Amlodipine/Atorvastatin APO Tablets 10mg-80mg 30,$25
Amlodipine/Atorvastatin APO Tablets 5mg-10mg 30,$20
Amlodipine/Atorvastatin APO Tablets 5mg-20mg 30,$20
Amlodipine/Atorvastatin APO Tablets 5mg-40mg 30,$20
Amlodipine/Atorvastatin APO Tablets 5mg-80mg 30,$25
Amlodipine/Valsartan NV Tablets 10mg-160mg 28,$35
Amlodipine/Valsartan NV Tablets 10mg-320mg 28,$35
Amlodipine/Valsartan NV Tablets 5mg-160mg 28,$35
Amlodipine/Valsartan NV Tablets 5mg-320mg 28,$35
Amlodipine/Valsartan NV Tablets 5mg-80mg 28,$30
Amlodipine/Valsartan/HCT NV Tablets 10mg-160mg-12.5mg 28,$35
Amlodipine/Valsartan/HCT NV Tablets 10mg-160mg-25mg 28,$35
Amlodipine/Valsartan/HCT NV Tablets 10mg-320mg-25mg 28,$40
Amlodipine/Valsartan/HCT NV Tablets 5mg-160mg-12.5mg 28,$35
Amlodipine/Valsartan/HCT NV Tablets 5mg-160mg-25mg 28,$35
Amoxicillin/Clav APX Tablets 500mg-125mg 10,$30
Amoxicillin/Clav APX Tablets 875mg-125mg 10,$30
Amoxil Capsules 250mg 20,$25
Amoxil Capsules 500mg 20,$30
Amoxil Drops 100mg/1mL 20mL 1,$30
Amoxil Syrup 125mg/5mL 100mL 1,$30
Amoxil Syrup 250mg/5mL 100mL 1,$30
Amoxycillin APO Capsules 250mg 20,$25
Amoxycillin APO Capsules 500mg 20,$30
Amoxycillin APO Syrup 125mg/5mL 100mL 1,$30
Amoxycillin APO Syrup 250mg/5mL 100mL 1,$30
Anaethetic cream 20G 1,$85
Anaethetic cream 25G 1,$110
Anafranil Tablets 25mg 50,$30
Anamorph Tablets 30mg 20,$20
Anapen Auto Inj 300mcg/0.3mL 1,$110
Anapen Auto Inj 500mcg/0.3mL 1,$110
Anapen Jnr Auto Inj 150mcg/0.3mL 1,$110
Anaprox Tablets 550mg 50,$30
Anastrol Tablets 1mg 30,$75
Anastrozole APO Tablets 1mg 30,$35
Andepra Caps EC 30mg 28,$30
Andriol Testocaps Capsules 40mg 60,$50
Androcur Tablets 50mg 20,$40
Angeliq 1/2 Tablets 1mg-2mg(28) 1,$75
Anpec Tablets 40mg 100,$25
Anpec Tablets 80mg 100,$30
Antabuse Effervs Tabs 200mg 30,$110
Anterone Tablets 100mg 50,$80
Anterone Tablets 50mg 20,$35
Anterone Tablets 50mg 50,$110
Anthel Tablets 125mg 6,$30
Anthel Tablets 250mg 6,$35
Antroquoril Cream 0.02% 100g 1,$40
APO AMOXYCLAV SUSP 400MG/57MG 60ML 1,$20
APO-AMOXY/CLAV 125/31.25MG BTL 1,$20
AQUINAFIL 20MG 30 1,$25
Aquinafil Tablets 10mg 30,$20
Aquinafil Tablets 5mg 30,$20
Arabloc Tablets 10mg 30,$45
Arabloc Tablets 20mg 30,$60
Aratac Tablets 100mg 30,$20
Aratac Tablets 200mg 30,$25
Arava Tablets 10mg 30,$45
Arava Tablets 20mg 30,$60
Arcoxia Tablets 120mg 10,$60
Arcoxia Tablets 30mg 30,$75
Arcoxia Tablets 60mg 30,$85
Ardix Gliclazide Tabs MR 60mg 60,$25
Arianna 1 Tablets 1mg 30,$35
Aricept Tablets 10mg 28,$45
Aricept Tablets 5mg 28,$35
Aridon APN Tablets 10mg 28,$35
Aridon APN Tablets 5mg 28,$35
Arimidex Tablets 1mg 30,$35
Aristocort Cream 0.02% 100g 1,$35
Aristocort Ointment 0.02% 100g 1,$35
Aropax Tablets 20mg 30,$25
Artane Tablets 2mg 200,$30
Artane Tablets 5mg 200,$30
Arthrexin Capsules 25mg 50,$25
Asasantin Caps SR 200mg-25mg 60,$45
Aspalgin Tablets 300mg-8mg 20,$30
ASPEN FLUCIL VL 500MG 5 1,$30
ASTZOL 1MG TAB 30BP 1,$35
Atacand Plus Tablets 16mg-12.5mg 30,$40
Atacand Plus Tablets 32mg-12.5mg 30,$40
Atacand Plus Tablets 32mg-25mg 30,$40
Atacand Tablets 16mg 30,$40
Atacand Tablets 32mg 30,$40
Atacand Tablets 4mg 30,$40
Atacand Tablets 8mg 30,$40
Atenolol APO (bt) Tablets 50mg 30,$20
ATOMERRA 10MG CAP 28 1,$110
ATOMERRA 25MG CAP 28 1,$110
ATOMERRA 40MG CAP 28 1,$110
Atomoxetine APO Capsules 100mg 28,$80
Atomoxetine APO Capsules 10mg 28,$120
Atomoxetine APO Capsules 18mg 28,$120
Atomoxetine APO Capsules 25mg 28,$120
Atomoxetine APO Capsules 40mg 28,$120
Atomoxetine APO Capsules 60mg 28,$120
Atomoxetine APO Capsules 80mg 28,$80
Atorvachol Tablets 10mg 30,$20
Atorvachol Tablets 20mg 30,$20
Atorvachol Tablets 40mg 30,$25
Atorvachol Tablets 80mg 30,$25
Atozet Tablets 10mg-10mg 30,$35
Atozet Tablets 10mg-20mg 30,$35
Atozet Tablets 10mg-40mg 30,$35
Atozet Tablets 10mg-80mg 30,$40
Atropt Eye Drops 1% 15mL 1,$35
Atrovent CFC-free Inhaler 21mcg/d 200d 1,$55
Atrovent Inh Soln 250mcg/1mL 20mL 1,$25
Atrovent UDV 250mcg/1mL(30) 1mL 1,$50
Atrovent UDV 500mcg/1mL(30) 1mL 1,$50
Augmentin Duo Ft Tablets 875mg-125mg 10,$35
Augmentin Duo Syrup 400mg-57mg/5mL 60mL 1,$30
Augmentin Duo Tablets 500mg-125mg 10,$30
Augmentin Syrup 125mg-31.25mg/5mL 75mL 1,$30
Aurorix Tablets 150mg 60,$35
Aurorix Tablets 300mg 60,$45
Auscap Capsules 20mg 28,$20
Ausfam Tablets 20mg 60,$25
Ausfam Tablets 40mg 30,$25
Ausgem Tablets 600mg 60,$30
Ausran Tablets 150mg 60,$20
Ausran Tablets 300mg 30,$20
Austrapen Inj 1g 5,$30
Avamys Nasal Spray 27.5mcg/d 120d 1,$75
Avandia Tablets 4mg 28,$75
Avanza SolTabs 15mg 30,$30
Avanza SolTabs 30mg 30,$35
Avanza SolTabs 45mg 30,$35
Avanza Tablets 30mg 30,$30
Avanza Tablets 45mg 30,$30
Avapro HCT Tablets 150mg-12.5mg 30,$30
Avapro HCT Tablets 300mg-12.5mg 30,$30
Avapro HCT Tablets 300mg-25mg 30,$30
Avapro Tablets 150mg 30,$30
Avapro Tablets 300mg 30,$30
Avapro Tablets 75mg 30,$30
Avaxim Hep A Vac Pref Syrng 160u/0.5mL 1,$80
Avelox Tablets 400mg 5,$110
Avodart Capsules 500mcg 30,$50
Avsartan HCT Tablets 150mg-12.5mg 30,$20
Avsartan HCT Tablets 300mg-12.5mg 30,$30
Avsartan HCT Tablets 300mg-25mg 30,$30
Avsartan Tablets 150mg 30,$20
Avsartan Tablets 300mg 30,$30
Avsartan Tablets 75mg 30,$20
Axit Tablets 15mg 30,$25
Axit Tablets 30mg 30,$30
Axit Tablets 45mg 30,$30
Axotide Jr CFC-fr Inhaler 50mcg/d 120d 1,$30
Axotide MDI Inhaler 125mcg/d 120d 1,$35
Axotide MDI Inhaler 250mcg/d 120d 1,$60
AYLIDE 1MG TAB 30 1,$20
Azapin Tablets 50mg 100,$40
Azarga Eye Drops 1%-0.5% 5mL 1,$45
Azathioprine APO Tablets 25mg 100,$35
Azathioprine APO Tablets 50mg 100,$40
Azithromycin APO Tablets 500mg 3,$30
Azol Capsules 200mg 100,$110
Azopt Eye Drops 1% 5mL 1,$45
Baclofen APO Tablets 10mg 100,$35
Baclofen APO Tablets 25mg 100,$50
Bactrim DS Tablets 160mg-800mg 10,$30
BACTRIM SYRUP SUGAR FREE 100ML 1,$20
Bactroban Cream 2% 15g 1,$45
Bactroban Nasal Oint 2% 3g 1,$45
Bactroban Ointment 2% 15g 1,$45
Baraclude Tablets 0.5mg 30,$340
Baraclude Tablets 1mg 30,$550
Barbloc Tablets 5mg 100,$45
Belsomra Tablets 15mg 30,$80
Belsomra Tablets 20mg 30,$80
BenPen Vial 1.2g 1,$30
BenPen Vial 3g 1,$30
BenPen Vial 600mg 1,$25
Benzoyl Peroxide/Clindamycin gel 5% 30G  (EXP 30 DAYS ) 1,$110
Benztrop Tablets 2mg 60,$25
Betahistine APO Tablets 16mg 25,$30
Betaloc Tablets 100mg 60,$40
Betaloc Tablets 50mg 100,$40
Betamethasone Dipropionate 0.05% 30g Bactroban 15g Sorbolene Cream 250g 295G TOT  (EXP 30 DAYS ) 1,$110
Betamethasone Dipropionate 0.05% 60g Bactroban 30g Sorbolene Cream 500g 590G TOT  (EXP 30 DAYS ) 1,$140
Betamin Tablets 100mg 100,$20
Betasert Tablets 16mg 25,$30
Betavit Tablets 100mg 100,$30
Betmiga Tablets 25mg 30,$85
Betmiga Tablets 50mg 30,$85
Betnovate 1/2 Cream 0.05% 15g 1,$20
Betnovate 1/5 Cream 0.02% 100g 1,$45
Betnovate Cream 0.1% 30g 1,$35
Betnovate Ointment 0.1% 30g 1,$35
Betoptic Eye Drops 0.5% 5mL 1,$30
BETOPTIC S OPHTH .25%  5ML 1,$25
Betoquin Eye Drops 0.5% 5mL 1,$30
Bexsero Pref Syrng 175mcg/0.5mL 1,$130
Bicalide Tablets 50mg 28,$75
Bicalutamide APO Tablets 50mg 28,$75
Bicard Tablets 10mg 28,$30
Bicard Tablets 2.5mg 28,$20
Bicard Tablets 5mg 28,$20
Bicor Tablets 10mg 28,$35
Bicor Tablets 2.5mg 28,$35
Bicor Tablets 5mg 28,$35
Bimprozt Eye Drops 300mcg/1mL 3mL 1,$45
Bion Tears Eye Drops 0.3%-0.1%(28) 0.4mL 1,$35
Boostrix Pref Syrng 0.5mL 1,$60
Boostrix-IPV Pref Syrng 0.5mL 1,$110
Brenda-35 ED Tablets 35mcg-2mg(28) 1,$25
Brenda-35 ED Tablets 35mcg-2mg(28) 3,$35
Bricanyl Turbuhaler Inh Pwdr 500mcg/d 120d 1,$35
Brilinta Tablets 90mg 56,$140
Brintellix Tablets 10mg 28,$85
Brintellix Tablets 15mg 28,$110
Brintellix Tablets 20mg 28,$110
Brintellix Tablets 5mg 28,$85
BrinzoQuin Eye Drops 1% 5mL 1,$35
Cadivast Tablets 10mg-10mg 30,$30
Cadivast Tablets 10mg-20mg 30,$30
Cadivast Tablets 10mg-40mg 30,$30
Cadivast Tablets 5mg-40mg 30,$30
Caduet Tablets 10mg-10mg 30,$35
Caduet Tablets 10mg-20mg 30,$35
Caduet Tablets 10mg-40mg 30,$35
Caduet Tablets 10mg-80mg 30,$35
Caduet Tablets 5mg-10mg 30,$35
Caduet Tablets 5mg-20mg 30,$35
Caduet Tablets 5mg-40mg 30,$35
Caduet Tablets 5mg-80mg 30,$35
Calcitriol APO Capsules 0.25mcg 100,$30
CALCITRIOL DP CAP 0.25MCG 100 BTLE 1,$45
Calitrol Capsules 0.25mcg 100,$40
Candesan Combi Tablets 16mg-12.5mg 30,$30
Candesan Combi Tablets 32mg-12.5mg 30,$30
Candesan Combi Tablets 32mg-25mg 30,$20
Candesan Tablets 16mg 30,$30
Candesan Tablets 32mg 30,$30
Candesan Tablets 4mg 30,$20
Candesan Tablets 8mg 30,$20
Carafate Tablets 1g 120,$35
Cardizem CD Caps SR 180mg 30,$30
Cardizem CD Caps SR 240mg 30,$35
Cardizem CD Caps SR 360mg 30,$35
Cardizem Tablets 60mg 90,$30
Carolyn-35 ED Tablets 35mcg-2mg(28) 1,$30
Carolyn-35 ED Tablets 35mcg-2mg(28) 3,$35
Carvidol Tablets 12.5mg 60,$30
Carvidol Tablets 25mg 60,$30
Carvidol Tablets 3.125mg 30,$20
Carvidol Tablets 6.25mg 60,$20
Catapres Ampoule 150mcg/1mL 1mL 5,$45
Catapres Tablets 100mcg 100,$50
Catapres Tablets 150mcg 100,$40
Ceclor CD Tabs SR 375mg 10,$30
Ceclor Susp 125mg/5mL 100mL 1,$30
Ceclor Susp 250mg/5mL 75mL 1,$30
Celapram Tablets 10mg 28,$20
Celestone M Cream 0.02% 100g 1,$45
Celexi Capsules 100mg 60,$25
Celexi Capsules 200mg 30,$25
Cephalexin APO Capsules 250mg 20,$25
Cephalexin APO Capsules 500mg 20,$30
Cephalexin APO Syrup 125mg/5mL 100mL 1,$20
Cephalexin APO Syrup 250mg/5mL 100mL 1,$30
Chloramphenicol APO Eye Drops 0.5% 10mL 1,$30
Chlorsig Eye Drops 0.5% 10mL 1,$30
Chlorsig Eye Oint 1% 4g 1,$30
Chlorvescent Effervs Tabs K-548mg;Cl-283mg 60,$35
Cholvastin Tablets 20mg 30,$20
Cholvastin Tablets 40mg 30,$25
Cialis Tablets 10mg 4,$70
Cialis Tablets 20mg 4,$70
Cialis Tablets 20mg 8,$110
Cialis Tablets 5mg 28,$110
Cidala Tablets 10mg 4,$50
Cidala Tablets 20mg 4,$50
Cidala Tablets 20mg 8,$50
Cidala Tablets 5mg 28,$50
Cifran Tablets 500mg 14,$30
Cilicaine Syringe 1.5g 5,$110
Cilicaine V Susp 150mg/5mL 100mL 1,$30
CILICAINE V SUSP 250MG 5ML 100ML 1,$25
Cilicaine VK Capsules 250mg 50,$25
Cilicaine VK Capsules 500mg 50,$30
CILOPEN CAP 250MG 25 1,$20
CILOPEN CAP 500MG 25 1,$20
CILOPEN VK 250MG CAP 50 1,$25
CILOPEN VK 500MG CAP 50 1,$30
CiloQuin Eye Drops 3mg/1mL 5mL 1,$30
Ciloxan Ear Drops 0.3% 5mL 1,$50
Ciloxan Eye Drops 3mg/1mL 5mL 1,$35
Cipramil Tablets 20mg 28,$35
Ciprofloxacin APO Tablets 250mg 14,$30
Ciprofloxacin APO Tablets 500mg 14,$25
Ciprofloxacin APO Tablets 750mg 14,$30
Ciprol Tablets 250mg 14,$25
Ciprol Tablets 500mg 14,$30
Ciprol Tablets 750mg 14,$30
Ciproxin HC Ear Drops 2mg-10mg/1mL 10mL 1,$75
Ciproxin IV Vial 200mg/100mL 1,$40
CIPROXIN TAB 750MG 14 1,$35
Ciproxin Tablets 250mg 14,$25
Ciproxin Tablets 500mg 14,$30
Circadin Tabs MR 2mg 30,$55
Circadin Tabs MR 2mg 60,$80
Citalopram APO (bl) Tablets 20mg 28,$20
Citalopram APO Tablets 40mg 28,$20
CITRIHEXAL CAP 0.25MCG BLST 100 1,$55
Clarithro Tablets 250mg 14,$20
Climara Patches 100mcg/24hours(4) 1,$30
Climara Patches 25mcg/24hours(4) 1,$30
Climara Patches 50mcg/24hours(4) 1,$30
Climara Patches 75mcg/24hours(4) 1,$30
Clindamycin APO Capsules 150mg 24,$30
Clindamycin Gel 30G (EXP 30 DAYS ) 1,$100
Clindamycin Suspension 75MG/ML 40ML (EXP 14 DAYS ) 1,$75
ClindaTech Soln Ex 1% 100mL 1,$75
ClindaTech Soln Ex 1% 50mL 1,$50
Clobemix Tablets 150mg 60,$30
Clobemix Tablets 300mg 60,$35
Clomid Tablets 50mg 10,$50
Clomipramine APO Tablets 25mg 50,$25
Clonac Tabs EC 25mg 50,$20
Clonac Tabs EC 50mg 50,$20
Clonidine APO Tablets 100mcg 100,$35
Clopidogrel APO (bl) Tablets 75mg 28,$30
Clopidogrel/Aspirin APO Tablets 75mg-100mg 30,$30
Clopixol Depot Inj 200mg/1mL 1mL 5,$40
Co-Diovan Tablets 160mg-12.5mg 28,$30
Co-Diovan Tablets 160mg-25mg 28,$35
Co-Diovan Tablets 320mg-12.5mg 28,$35
Co-Diovan Tablets 320mg-25mg 28,$35
Co-Diovan Tablets 80mg-12.5mg 28,$30
Colcine Tablets 500mcg 30,$20
Colese Tablets 135mg 30,$25
Colese Tablets 135mg 90,$35
Colgout Tablets 500mcg 30,$25
Colofac Tablets 135mg 30,$30
Colofac Tablets 135mg 90,$45
Contrave Tabs MR 8mg-90mg 112,$300
CoPlavix Tablets 75mg-100mg 30,$30
Coralan Tablets 5mg 56,$60
Coralan Tablets 7.5mg 56,$60
Corbeton Tablets 40mg 100,$20
Cordarone X Tablets 100mg 30,$20
Cordarone X Tablets 200mg 30,$25
Cordilox Tabs SR 180mg 30,$30
Cordilox Tabs SR 240mg 30,$30
Cortate Tablets 25mg 60,$35
Cortate Tablets 5mg 50,$30
Cortic-DS Cream 1% 50g 1,$20
Cortic-DS Ointment 1% 50g 1,$20
Cortiment Tabs SR 9mg 30,$190
Cortival 1/2 Cream 0.05% 15g 1,$20
Cortival 1/5 Cream 0.02% 100g 1,$40
Cosopt Eye Drops 2%-0.5% 5mL 1,$35
COSUDEX TAB 150MG 28 1,$680
Cosudex Tablets 50mg 28,$75
Coumadin Tablets 1mg 50,$25
Coumadin Tablets 2mg 50,$30
Coumadin Tablets 5mg 50,$30
Coveram 10/10 Tablets 10mg-10mg 30,$40
Coveram 10/5 Tablets 10mg-5mg 30,$35
Coveram 5/10 Tablets 5mg-10mg 30,$35
Coveram 5/5 Tablets 5mg-5mg 30,$35
Coversyl Plus LD Tablets 2.5mg-0.625mg 30,$35
Coversyl Plus Tablets 5mg-1.25mg 30,$35
Coversyl Tablets 10mg 30,$35
Coversyl Tablets 2.5mg 30,$35
Coversyl Tablets 5mg 30,$35
Cozaar Tablets 50mg 30,$80
Creon Caps EC 25000U 100,$80
Crestor Tablets 10mg 30,$30
Crestor Tablets 20mg 30,$30
Crestor Tablets 40mg 30,$35
Crestor Tablets 5mg 30,$30
Crosuva Tablets 10mg 30,$30
Crosuva Tablets 20mg 30,$30
Crosuva Tablets 40mg 30,$30
Crosuva Tablets 5mg 30,$25
Curam Duo Syrup 400mg-57mg/5mL 60mL 1,$30
Curam Duo Tablets 500mg-125mg 10,$20
Curam Syrup 125mg-31.25mg/5mL 75mL 1,$25
Cymbalta Caps EC 30mg 28,$35
Cymbalta Caps EC 60mg 28,$40
Daivobet Ointment 500mcg-50mcg/1g 30g 1,$55
Daivonex Cream 50mcg/1g 30g 1,$40
Dalacin C Capsules 150mg 24,$35
Dalacin C Phos Ampoule 300mg/2mL 10,$170
Dalacin T Topical Lotion 1% 60mL 1,$45
Dalacin V 2% Vag Cream 2% 40g 1,$45
Daonil Tablets 5mg 100,$20
Dapa-Tabs Tablets 2.5mg 90,$30
Dapsone Tablets 100mg 100,$350
Dapsone Tablets 25mg 100,$300
Depo-Provera Vial 150mg/1mL 1mL 1,$45
Depo-Ralovera Vial 150mg/1mL 1mL 1,$35
Deptran Capsules 10mg 50,$20
Deptran Capsules 25mg 50,$20
Deptran Tablets 50mg 50,$20
Deralin Tablets 10mg 100,$30
Deralin Tablets 160mg 50,$30
Deralin Tablets 40mg 100,$30
Desven Tabs SR 100mg 28,$30
Desven Tabs SR 50mg 28,$25
Detrusitol Tablets 1mg 56,$75
Detrusitol Tablets 2mg 56,$75
Dexmethsone Tablets 0.5mg 30,$20
Dexmethsone Tablets 4mg 30,$25
Diabex Tablets 1000mg 90,$30
Diabex Tablets 500mg 100,$30
Diabex Tablets 850mg 60,$30
Diabex XR Tabs SR 1g 60,$30
Diabex XR Tabs SR 500mg 120,$30
Diaformin Tablets 1000mg 90,$20
Diaformin Tablets 500mg 100,$20
Diaformin Tablets 850mg 60,$20
Diaformin XR Tabs SR 1g 60,$25
Diamicron Tabs MR 60mg 60,$35
Diamox Tablets 250mg 100,$40
Diane-35 ED Tablets 35mcg-2mg(28) 1,$45
Diapride Tablets 1mg 30,$20
Diapride Tablets 2mg 30,$20
Diapride Tablets 3mg 30,$20
Diapride Tablets 4mg 30,$20
Diclofenac APO Tabs EC 25mg 50,$20
Diclofenac APO Tabs EC 50mg 50,$20
Dicloxacillin Mylan Capsules 500mg 24,$50
DICLOXSIG CAP 250MG 24 1,$25
DICLOXSIG CAP 500MG 24 1,$30
Differin Topical Cream 0.1% 30g 1,$75
Differin Topical Cream 0.1% 50g 1,$110
Differin Topical Gel 0.1% 30g 1,$75
Differin Topical Gel 0.1% 50g 1,$110
DIFLUCAN CAP  50MG 28 1,$40
DIFLUCAN CAP 100MG 28 1,$50
Diflucan Capsules 100mg 28,$50
Diflucan Capsules 200mg 28,$70
Diflucan Capsules 50mg 28,$40
Diflucan Infusion 2mg/1mL 50mL 1,$25
Diflucan Susp 50mg/5mL 35mL 1,$80
Di-Gesic Tablets 32.5mg-325mg 20,$35
Dilantin Capsules 100mg 200,$45
Dilantin Capsules 30mg 200,$70
Dilatrend Tablets 12.5mg 60,$30
Dilatrend Tablets 25mg 60,$35
Dilatrend Tablets 3.125mg 30,$20
Dilatrend Tablets 6.25mg 60,$30
Diltiazem AN Tablets 60mg 90,$30
Diltiazem CD SNZ Caps SR 180mg 30,$30
Diltiazem CD SNZ Caps SR 240mg 30,$30
Diltiazem CD SNZ Caps SR 360mg 30,$35
Diltiazem ointment 2% 30G (EXP 180 DAYS ) 1,$110
Diltiazem SNZ Tablets 60mg 90,$30
Dilzem Tablets 60mg 90,$30
Dimirel Tablets 1mg 30,$20
Dimirel Tablets 2mg 30,$20
Dimirel Tablets 3mg 30,$20
Dimirel Tablets 4mg 30,$20
Diovan Tablets 160mg 28,$30
Diovan Tablets 320mg 28,$35
Diovan Tablets 40mg 28,$25
Diovan Tablets 80mg 28,$30
Diprosone Cream 0.05% 15g 1,$30
Diprosone Lotion 0.05% 30mL 1,$55
Diprosone Ointment 0.05% 15g 1,$30
Diprosone Ointment 0.05% 50g 1,$75
Diprosone OV Cream 0.05% 30g 1,$60
Diprosone OV Ointment 0.05% 30g 1,$80
Dipyridamole/Aspirin APO Caps SR 200mg-25mg 60,$50
Distaph Capsules 250mg 24,$25
Distaph Capsules 500mg 24,$30
Dithiazide Tablets 25mg 100,$30
Ditropan Tablets 5mg 100,$25
Dizole Capsules 100mg 28,$45
Dizole Capsules 50mg 28,$30
Dolapril Capsules 0.5mg 28,$20
Dolapril Capsules 1mg 28,$20
Dolapril Capsules 2mg 28,$20
Dolapril Capsules 4mg 28,$20
Domion Tablets 25mg 28,$75
Doryx Capsules 100mg 21,$35
Doryx Capsules 100mg 7,$25
Doryx Capsules 100mg 7,$50
Doryx Capsules 100mg 7,$60
Doryx Capsules 50mg 25,$30
Dothep Capsules 25mg 50,$20
Dothep Tablets 75mg 30,$20
Doubluts Caps SR 500mcg-400mcg 30,$40
DOXSIG 100MG TAB 7 BP NEW 1,$20
Doxsig Tablets 100mg 21,$40
Doxsig Tablets 50mg 25,$30
Doxy Tablets 100mg 7,$20
Doxy Tablets 50mg 25,$20
Doxycycline APO Tablets 100mg 21,$40
Doxycycline APO Tablets 100mg 7,$25
Doxycycline APO Tablets 50mg 25,$35
Doxycycline GenRx Tablets 100mg 21,$25
DUAC 5% GEL 30G SINGLE 1,$60
Dukoral Vaccine Sachet 1,$80
Dukoral Vaccine Sachet 2,$130
Duodart Caps SR 500mcg-400mcg 30,$50
Duromine Caps SR 15mg 30,$130
Duromine Caps SR 30mg 30,$130
Duromine Caps SR 40mg 30,$160
Dymista Nasal Spray 125mcg-50mcg/d  17mL 1,$55
Dytrex Caps EC 30mg 28,$20
Dytrex Caps EC 60mg 28,$25
EES Susp 200mg/5mL 100mL 1,$30
EES Susp 400mg/5mL 100mL 1,$30
EES Tablets 400mg 25,$30
Efexor-XR Caps SR 150mg 28,$30
Efexor-XR Caps SR 37.5mg 28,$20
Efexor-XR Caps SR 75mg 28,$25
Efudix Cream 5% 20g 1,$80
Egoderm Ointment 1%-15% 25g 1,$30
Elaxine SR Caps SR 150mg 28,$25
Elaxine SR Caps SR 37.5mg 28,$20
Elaxine SR Caps SR 75mg 28,$20
Eleanor ED Tablets 150mcg-30mcg(28) 4,$25
Eleuphrat Cream 0.05% 15g 1,$25
Eleuphrat Ointment 0.05% 15g 1,$25
Elidel Cream 1% 15g 1,$45
Elidel Cream 1% 30g 1,$75
Elocon Alcohol Free Cream 0.1% 15g 1,$25
Elocon Cream 0.1% 15g 1,$30
Elocon Lotion 0.1% 30mL 1,$30
Elocon Ointment 0.1% 15g 1,$30
Elocon Ointment 0.1% 50g 1,$55
Eltroxin Tablets 100mcg 200,$45
Eltroxin Tablets 50mcg 200,$45
Emexlon Tablets 10mg 100,$35
Emexlon Tablets 10mg 25,$20
E-Mycin Susp 200mg/5mL 100mL 1,$25
E-Mycin Susp 400mg/5mL 100mL 1,$30
E-Mycin Tablets 400mg 25,$25
Enablex Tabs SR 15mg 28,$80
Enablex Tabs SR 7.5mg 28,$60
Enalapril APO Tablets 10mg 30,$20
Enalapril APO Tablets 20mg 30,$30
Enalapril APO Tablets 5mg 30,$20
Endep Tablets 10mg 50,$20
Endep Tablets 25mg 50,$20
Endep Tablets 50mg 50,$20
ENGERIX-B 10MCG 0.5ML 1DS 1,$35
Engerix-B Adult Pref Syrng 20mcg/1mL 1mL 1,$50
Engerix-B Paed Pref Syrng 10mcg/0.5mL 1,$45
Enidin Eye Drops 0.2% 5mL 1,$35
Entocort Caps EC 3mg 90,$75
Entrip Tablets 10mg 50,$20
Entrip Tablets 25mg 50,$20
Entrip Tablets 50mg 50,$20
Epiduo Pump Gel 0.1%-2.5% 30g 1,$50
Epilim Crushable Tabs 100mg 100,$50
Epilim SF Liquid 200mg/5mL 300mL 1,$55
Epilim Syrup 200mg/5mL 300mL 1,$55
Epilim Tabs EC 200mg 100,$35
Epilim Tabs EC 500mg 100,$50
EpiPen Auto Inj 300mcg/0.3mL 1,$110
EpiPen Jr Auto Inj 150mcg/0.3mL 1,$110
Epiramax Tablets 100mg 60,$35
Epiramax Tablets 200mg 60,$55
Epiramax Tablets 25mg 60,$25
Epiramax Tablets 50mg 60,$30
Eplerenone APO Tablets 25mg 30,$80
Eplerenone APO Tablets 50mg 30,$80
Eryacne Gel 2% 30g 1,$60
Eryc (bt) Caps EC 250mg 25,$30
Escitalopram APO Tablets 10mg 28,$20
Escitalopram APO Tablets 20mg 28,$20
Estalis Cont Patches 50mcg-140mcg(8) 1,$45
Estalis Cont Patches 50mcg-250mcg(8) 1,$45
Estalis Seq Patches 50mcg50mcg-140mcg(8) 1,$55
Estalis Seq Patches 50mcg50mcg-250mcg(8) 1,$55
ESTAMANE 25MG TAB 30 BP 1,$80
Estelle-35 ED Tablets 35mcg-2mg(28) 1,$20
Estraderm MX 100 Patches 3mg(8) 1,$30
Estraderm MX 25 Patches 0.75mg(8) 1,$30
Estraderm MX 50 Patches 1.5mg(8) 1,$30
Estradot Patches 100mcg/24hours(8) 1,$35
Estradot Patches 25mcg/24hours(8) 1,$35
Estradot Patches 37.5mcg/24hours(8) 1,$35
Estradot Patches 50mcg/24hours(8) 1,$35
Estradot Patches 75mcg/24hours(8) 1,$35
Estrofem Tablets 1mg 28,$50
Estrofem Tablets 2mg 28,$50
Eutroxsig Tablets 100mcg 200,$35
Eutroxsig Tablets 200mcg 200,$35
Eutroxsig Tablets 50mcg 200,$35
Eutroxsig Tablets 75mcg 200,$35
Evifyne Tablets 60mg 28,$60
Evista Tablets 60mg 28,$60
Exaccord Tablets 25mg 30,$80
EXEMESTANE 25MG TAB 28 1,$110
Exemestane APO Tablets 25mg 30,$110
Exforge HCT Tablets 10mg-160mg-12.5mg 28,$40
Exforge HCT Tablets 10mg-160mg-25mg 28,$50
Exforge HCT Tablets 10mg-320mg-25mg 28,$50
Exforge HCT Tablets 5mg-160mg-12.5mg 28,$50
Exforge HCT Tablets 5mg-160mg-25mg 28,$40
Exforge Tablets 10mg-160mg 28,$35
Exforge Tablets 10mg-320mg 28,$40
Exforge Tablets 5mg-160mg 28,$35
Exforge Tablets 5mg-320mg 28,$40
Exforge Tablets 5mg-80mg 28,$35
Extine Tablets 20mg 30,$20
Ezalo Composite Pack Tablets 10mg [30] 10mg [30] 1,$35
Ezalo Composite Pack Tablets 10mg [30] 20mg [30] 1,$35
Ezalo Composite Pack Tablets 10mg [30] 40mg [30] 1,$35
Ezalo Composite Pack Tablets 10mg [30] 5mg [30] 1,$30
Ezemichol Tablets 10mg 30,$30
Ezetast Tablets 10mg-10mg 30,$30
Ezetast Tablets 10mg-20mg 30,$30
Ezetast Tablets 10mg-40mg 30,$35
Ezetast Tablets 10mg-80mg 30,$35
Ezetorin Tablets 10mg-10mg 30,$30
Ezetorin Tablets 10mg-20mg 30,$30
Ezetorin Tablets 10mg-40mg 30,$30
Ezetorin Tablets 10mg-80mg 30,$35
Ezetrol Tablets 10mg 30,$35
Famciclovir APO Tablets 125mg 40,$45
Famciclovir APO Tablets 250mg 20,$50
Famciclovir APO Tablets 250mg 21,$50
Famciclovir APO Tablets 250mg 56,$90
Famciclovir APO Tablets 500mg 30,$60
Famciclovir APO Tablets 500mg 56,$90
FAMVIR 250MG TAB 14 1,$120
Famvir Tablets 125mg 40,$45
Famvir Tablets 250mg 20,$45
Famvir Tablets 250mg 21,$50
Famvir Tablets 250mg 56,$85
Famvir Tablets 500mg 30,$60
Famvir Tablets 500mg 56,$85
Fareston Tablets 60mg 30,$85
Fasigyn Tablets 500mg 4,$30
Faverin Tablets 100mg 30,$30
Faverin Tablets 50mg 30,$25
Favic Tablets 125mg 40,$45
Favic Tablets 250mg 20,$50
Favic Tablets 250mg 21,$50
Favic Tablets 250mg 56,$90
Favic Tablets 500mg 30,$60
Favic Tablets 500mg 56,$90
Felodil XR Tabs SR 10mg 30,$20
Felodil XR Tabs SR 5mg 30,$30
Felodur ER Tabs SR 10mg 30,$30
Felodur ER Tabs SR 2.5mg 30,$20
Felodur ER Tabs SR 5mg 30,$30
Femoston 1/10 Tablets 1mg 1mg-10mg(28) 1,$30
Femoston Tablets 2mg 2mg-10mg(28) 1,$30
Femoston-Conti Tablets 1mg-5mg 28,$30
Fenac Tabs EC 50mg 50,$20
Fendex ER Tabs SR 10mg 30,$25
Fenocol Tablets 145mg 30,$35
Fenofibrate APO Tablets 145mg 30,$50
Fenofibrate APO Tablets 48mg 60,$30
Ferrosig Ampoule 100mg/2mL 5,$40
Fibsol Tablets 10mg 30,$30
Fibsol Tablets 20mg 30,$30
Fibsol Tablets 5mg 30,$20
Finapen Tablets 1mg 28,$35
Finasta Tablets 5mg 30,$50
Finasteride APO Tablets 1mg 28,$45
Finasteride APO Tablets 5mg 30,$50
Flagyl S Susp 200mg/5mL 100mL 1,$30
Flagyl Suppositories 500mg(10) 1,$35
Flagyl Tablets 200mg 21,$20
Flagyl Tablets 400mg 21,$25
Flamazine Cream 1% 50g 1,$30
Flarex Eye Drops 0.1% 5mL 1,$20
Flecatab Tablets 100mg 60,$60
Flixonase Nasules 0.4mg/0.4mL 28,$85
Flixotide Accuhaler 250mcg/d 60d 1,$45
Flixotide Accuhaler 500mcg/d 60d 1,$60
Flixotide CFC-fr Inhaler 125mcg/d 120d 1,$45
Flixotide CFC-fr Inhaler 250mcg/d 120d 1,$70
Flixotide Jr Accuhaler 100mcg/d 60d 1,$30
Flixotide Jr CFC-fr Inhaler 50mcg/d 120d 1,$35
Flomaxtra Tabs SR 400mcg 30,$75
Flopen Capsules 250mg 24,$25
Flopen Capsules 500mg 24,$30
FLOPEN INJ 500MG 5 1,$30
FLOPEN MIX 250MG 5ML 100ML 1,$30
Florinef Tablets 0.1mg 100,$40
FLOXAPEN CAP 250MG  24 1,$30
FLOXAPEN CAP 500MG  24 1,$35
FLOXAPEN SYRUP 125MG/5ML 100ML 1,$25
FLOXAPEN SYRUP 250MG/5ML 1,$30
Flucil Syrup 125mg/5mL 100mL 1,$30
Flucil Syrup 250mg/5mL 100mL 1,$30
Fluoxetine APO Capsules 20mg 28,$25
Fluoxetine suspension 20ML (EXP 14 DAYS ) 1,$70
Fluoxetine suspension 30ML  (EXP 14 DAYS ) 1,$75
Fluoxetine suspension 5MG/ML 100ML (EXP 14 DAYS ) 1,$110
Flutiform Inhaler 125mcg-5mcg 120d 1,$70
Flutiform Inhaler 250mcg-10mcg 120d 1,$85
Flutiform Inhaler 50mcg-5mcg 120d 1,$55
Fluvax Pref Syrng 45mcg/0.5mL 0.5mL 1,$30
FML Eye Drops 0.1% 5mL 1,$20
Foradile Inh Caps 12mcg 60,$55
Formet (bl) Tablets 1000mg 90,$20
Formet (bl) Tablets 500mg 100,$20
Formet (bt) Tablets 1000mg 90,$20
Formet (bt) Tablets 500mg 100,$20
Formet Tablets 850mg 60,$20
FORTUM AMP 1G SGL 1,$45
Forxiga Tablets 10mg 28,$75
Fosamax Plus D-Cal Pk Tablets 70mg-140mcg-500mg 1,$35
Fosamax Plus Tablets 70mg-140mcg 4,$30
Fosamax Plus Tablets 70mg-70mcg 4,$30
Fosetic Tablets 20mg-12.5mg 30,$30
Frusemide APO Tablets 20mg 100,$30
Frusemide APO Tablets 40mg 100,$20
Fucidin Ointment 2% 15g 1,$40
Fucidin Tablets 250mg 36,$110
Fungilin Lozenge 10mg 20,$25
GABAPENTIN 300MG CAP BLST 100 1,$35
Gabapentin APOTEX Capsules 100mg 100,$25
Gabapentin APOTEX Capsules 300mg 100,$35
Gabapentin APOTEX Capsules 400mg 100,$40
Gabapentin APOTEX Tablets 600mg 100,$55
Gabapentin APOTEX Tablets 800mg 100,$70
Galantamine APO MR Caps SR 16mg 28,$50
Galantamine APO MR Caps SR 24mg 28,$60
Galantamine APO MR Caps SR 8mg 28,$50
Gapentin Capsules 100mg 100,$25
Gapentin Capsules 300mg 100,$30
Gapentin Capsules 400mg 100,$40
Gapentin Tablets 600mg 100,$55
Gapentin Tablets 800mg 100,$70
Gardasil 9 Pref Syrng 270mcg/0.5mL 1,$220
Gardasil Pref Syrng 120mcg/0.5mL  1,$170
Gemhexal (bl) Tablets 600mg 60,$30
Gemhexal (bt) Tablets 600mg 60,$30
Genoptic Eye Drops 0.3% 5mL 1,$30
Genox Tablets 10mg 60,$50
GENTAMICIN AMP 80MG 2ML  5 1,$25
Gentamicin Pfizer Perth Ampoule 80mg/2mL 10,$35
Gilmat Tablets 400mg 30,$20
Gliclazide APO Tablets 80mg 100,$20
Gliclazide APO Tabs MR 30mg 100,$25
Glimel Tablets 5mg 100,$20
Glimepiride APO Tablets 1mg 30,$20
Glimepiride APO Tablets 2mg 30,$25
Glimepiride APO Tablets 3mg 30,$25
Glimepiride APO Tablets 4mg 30,$25
Glucobay Tablets 100mg 90,$55
Glucobay Tablets 50mg 90,$50
Glucovance Tablets 250mg-1.25mg 90,$25
Glucovance Tablets 500mg-2.5mg 90,$25
Glucovance Tablets 500mg-5mg 90,$30
Glyade Tablets 80mg 100,$25
Glyade Tabs MR 30mg 100,$25
Glybosay Tablets 100mg 90,$55
Glybosay Tablets 50mg 90,$45
Gopten Capsules 0.5mg 28,$30
Gopten Capsules 1mg 28,$30
Gopten Capsules 2mg 28,$30
Gopten Capsules 4mg 28,$35
Grisovin Tablets 125mg 100,$40
Grisovin Tablets 500mg 28,$40
Havrix Junior Pref Syrng 720U 0.5mL 1,$70
Havrix Pref Syrng 1440U 1mL 1,$90
Hycor Eye Oint 1% 5g 1,$25
Hydopa Tablets 250mg 100,$35
Hydroxo-B12 Ampoule 1mg/1mL 3,$30
Hydroxychloroquine APO Tablets 200mg 100,$35
Hydroxychloroquine RBX Tablets 200mg 100,$35
Hydrozole Cream 1% 50g 1,$40
Hygroton Tabs 25mg 50,$30
Hysone Tablets 20mg 60,$50
Hysone Tablets 4mg 50,$40
IALEX 125MG  GRANULES 1,$20
Ikorel Tablets 10mg(60) 1,$35
Ikorel Tablets 20mg(60) 1,$35
Ikotab Tablets 10mg(60) 1,$35
Ikotab Tablets 20mg(60) 1,$35
Imdur Durules Tabs SR 120mg 30,$35
Imdur Durules Tabs SR 60mg 30,$30
Imigran FDT Tablets 50mg 2,$25
Imigran FDT Tablets 50mg 4,$30
Imigran Nasal Spray 10mg/0.1mL 2,$45
Imigran Nasal Spray 20mg/0.1mL 2,$30
Imigran Tablets 100mg 2,$50
Imigran Tablets 50mg 2,$25
Imigran Tablets 50mg 4,$30
Imovane Tablets 7.5mg 10,$30
Imovane Tablets 7.5mg 14,$30
Imovane Tablets 7.5mg 30,$35
Imuran Tablets 25mg 100,$35
Imuran Tablets 50mg 100,$45
Indapamide APO Tabs SR 1.5mg 90,$35
Inderal Tablets 10mg 100,$35
Inderal Tablets 40mg 100,$35
Indocid Capsules 25mg 50,$20
Indocid Suppositories 100mg 20,$35
Indosyl Combi Tablets 4mg-1.25mg 30,$30
Indosyl Mono Tablets 2mg 30,$20
Indosyl Mono Tablets 4mg 30,$20
Indosyl Mono Tablets 8mg 30,$20
Insig Tablets 2.5mg 90,$30
Intal Forte CFC-fr Inhaler 5mg/d 112d 1,$50
Inza Tablets 250mg 50,$30
Inza Tablets 500mg 50,$20
Iscover Tablets 75mg 28,$30
Isobide MR Tabs SR 60mg 30,$30
Isomonit Tabs SR 60mg 30,$30
Isoniazid Tablets 100mg 100,$35
Isoptin Ampoule 5mg/2mL 5,$25
Isoptin Tablets 40mg 100,$25
Isoptin Tablets 80mg 100,$35
Isoptin Tabs SR 180mg 30,$35
Isoptin Tabs SR 240mg 30,$35
Itraconazole APO Capsules 100mg 15,$110
Itraconazole APO Capsules 100mg 28,$140
Itraconazole APO Capsules 100mg 60,$130
Itranox Capsules 100mg 15,$110
Itranox Capsules 100mg 28,$140
Itranox Capsules 100mg 60,$130
Ivabradine APO Tablets 5mg 56,$60
Ivabradine APO Tablets 7.5mg 56,$60
Juliet-35 ED Tablets 35mcg-2mg(28) 1,$30
Juliet-35 ED Tablets 35mcg-2mg(28) 3,$50
Karlor CD Tabs SR 375mg 10,$20
Karvea Tablets 150mg 30,$30
Karvea Tablets 300mg 30,$30
Karvea Tablets 75mg 30,$30
Karvezide Tablets 150mg-12.5mg 30,$30
Karvezide Tablets 300mg-12.5mg 30,$30
Karvezide Tablets 300mg-25mg 30,$30
Keflex Capsules 250mg 20,$30
Keflex Capsules 250mg 20,$35
Keflex Capsules 500mg 20,$35
Keflex Capsules 500mg 20,$55
Keflex Syrup 125mg/5mL 100mL 1,$30
Keflex Syrup 250mg/5mL 100mL 1,$35
Keflor CD Tabs SR 375mg 10,$30
Keflor Susp 125mg/5mL 100mL 1,$25
Keflor Susp 250mg/5mL 75mL 1,$30
Kenacomb Ointment 15g 1,$45
Kenacomb Ointment 30g 1,$75
Kenacomb Otic Ear Drops 7.5mL 1,$25
Kenacomb Otic Ear Oint 5g 1,$25
Kenacort-A Ampoule 10mg/1mL 1mL 5,$35
Keppra Tablets 1000mg 60,$60
Keppra Tablets 250mg 60,$35
Keppra Tablets 500mg 60,$45
Kinson Tablets 100mg-25mg 100,$50
Klacid Paed Susp 250mg/5mL 50mL 1,$35
Klacid Tablets 250mg 14,$30
Kliogest Tablets 2mg-1mg(28) 1,$75
Kliovance Tablets 1mg-500mcg(28) 1,$75
Kombiglyze XR Tabs SR 2.5mg-1000mg 56,$75
Kombiglyze XR Tabs SR 5mg-1000mg 28,$75
Kombiglyze XR Tabs SR 5mg-500mg 28,$75
Laila-35 ED Tablets 35mcg-2mg(28) 1,$20
Laila-35 ED Tablets 35mcg-2mg(28) 3,$35
Lamictal Tablets 25mg 56,$30
Lamictal Tablets 5mg 56,$30
Lamitan Tablets 100mg 56,$35
Lamitan Tablets 200mg 56,$50
Lamitan Tablets 25mg 56,$20
Lamitan Tablets 50mg 56,$30
Lanoxin Tablets 250mcg 100,$25
Lanoxin-PG Tablets 62.5mcg 200,$25
Largactil Ampoule 50mg/2mL 10,$35
Largactil Tablets 100mg 100,$30
Largactil Tablets 10mg 100,$20
Largactil Tablets 25mg 100,$25
Lariam Tablets 250mg 8,$70
Lasix Ampoule 20mg/2mL 5,$20
Lasix M Tablets 20mg 50,$20
Lasix Solution Oral Soln 10mg/1mL 30mL 1,$40
Lasix Tablets 40mg 100,$30
Latanoprost APO Eye Drops 50mcg/1mL 2.5mL 1,$25
Latanoprost/Timolol APO Eye Drops 50mcg-5mg/1mL 2.5mL 1,$30
Lengout Tablets 500mcg 30,$20
Lercanidipine APOTEX Tablets 10mg 28,$20
Lercanidipine APOTEX Tablets 20mg 28,$30
Levetiracetam APO Tablets 1000mg 60,$60
Levetiracetam APO Tablets 250mg 60,$35
Levetiracetam APO Tablets 500mg 60,$45
Levi Tablets 1000mg 60,$60
Levi Tablets 250mg 60,$35
Levi Tablets 500mg 60,$45
Levitra Tablets 10mg 4,$110
Levitra Tablets 20mg 4,$110
Levitra Tablets 20mg 8,$130
Levlen ED Tablets 150mcg-30mcg(28) 4,$30
Levothyroxine APO Tablets 100mcg 200,$35
Levothyroxine APO Tablets 200mcg 200,$35
Levothyroxine APO Tablets 50mcg 200,$35
Levothyroxine APO Tablets 75mcg 200,$35
Lexam Tablets 10mg 28,$20
Lexam Tablets 20mg 28,$20
Lexapro Oral Soln 20mg/1mL 15mL 1,$50
Lexapro Tablets 10mg 28,$35
Lexapro Tablets 20mg 28,$40
Lexotan Tablets 3mg 30,$30
Lexotan Tablets 6mg 30,$35
LEZOLE 2.5MG TABS 30 1,$55
Lipex Tablets 10mg 30,$30
Lipex Tablets 20mg 30,$35
Lipex Tablets 40mg 30,$35
Lipex Tablets 80mg 30,$35
Lipidil Tablets 145mg 30,$35
Lipidil Tablets 48mg 60,$30
Lipitor Tablets 10mg 30,$20
Lipitor Tablets 20mg 30,$20
Lipitor Tablets 40mg 30,$30
Lipitor Tablets 80mg 30,$30
Lipostat Tablets 10mg 30,$20
Lipostat Tablets 20mg 30,$20
Lipostat Tablets 40mg 30,$30
Lipostat Tablets 80mg 30,$30
Lisinopril APO Tablets 10mg 30,$20
Lisinopril APO Tablets 20mg 30,$30
Lisinopril APO Tablets 5mg 30,$20
Lithicarb Tablets 250mg 200,$70
Livial Tablets 2.5mg 28,$80
Livilan Tablets 2.5mg 28,$55
Loette Tablets 100mcg-20mcg(28) 3,$160
Lofenoxal Tablets 2.5mg-25mcg 20,$20
Logynon ED Tablets (28) 4,$30
Lomotil Tablets 2.5mg-25mcg 100,$35
Lomotil Tablets 2.5mg-25mcg 20,$25
Lopresor Tablets 100mg 60,$30
Lopresor Tablets 50mg 100,$30
Lorano Tablets 10mg 30,$60
Lorstat Tablets 10mg 30,$50
Lorstat Tablets 20mg 30,$20
Losec Tabs EC 10mg 30,$20
Losec Tabs EC 20mg 30,$35
Lovan Capsules 20mg 28,$25
Lovan Disp Tabs 20mg 28,$25
Lozanoc Capsules 50mg 15,$110
LPV Capsules 250mg 50,$25
LPV Capsules 500mg 50,$30
LPV SUSP FLAV 250MG/5ML 100ML 1,$25
Lumin Tablets 10mg 50,$30
Lumin Tablets 20mg 50,$40
Lunava Tablets 10mg 30,$35
Lunava Tablets 20mg 30,$60
Luvox Tablets 100mg 30,$35
Luvox Tablets 50mg 30,$30
Lypralin Capsules 150mg 56,$30
Lypralin Capsules 25mg 56,$25
Lypralin Capsules 300mg 56,$35
Lypralin Capsules 75mg 56,$30
Lyrica Capsules 150mg 56,$35
Lyrica Capsules 25mg 56,$25
Lyrica Capsules 300mg 56,$40
Lyrica Capsules 75mg 56,$30
Macrodantin Capsules 100mg 30,$45
Macrodantin Capsules 50mg 30,$35
Madopar 125 Capsules 100mg-25mg 100,$55
Madopar 125 Tablets 100mg-25mg 100,$55
Madopar 250 Capsules 200mg-50mg 100,$60
Madopar 250 Tablets 200mg-50mg 100,$60
Madopar 62.5 Capsules 50mg-12.5mg 100,$35
Madopar HBS 125 Capsules 100mg-25mg 100,$55
Madopar Rapid 125 Disp Tabs 100mg-25mg 100,$55
Madopar Rapid 62.5 Disp Tabs 50mg-12.5mg 100,$35
Malean Tablets 10mg 30,$30
Malean Tablets 20mg 30,$30
Malean Tablets 5mg 30,$20
Marevan Tablets 1mg 50,$20
Marevan Tablets 3mg 50,$20
Marevan Tablets 5mg 50,$20
Marvelon Tablets 150mcg-30mcg(28) 1,$40
Maxalt Wafers 10mg 2,$30
Maxamox Susp 500mg/5mL 100mL 1,$30
Maxamox Tablets 1000mg 14,$30
Maxidex Eye Drops 0.1% 5mL 1,$35
Maxolon Tablets 10mg 100,$35
Maxolon Tablets 10mg 25,$30
Melizide Tablets 5mg 100,$35
Melobic Capsules 15mg 30,$20
Melobic Capsules 7.5mg 30,$20
Melobic Tablets 15mg 30,$20
Melobic Tablets 7.5mg 30,$20
Melotin MR Tabs MR 2mg 30,$50
Mestinon Tablets 60mg 150,$75
Metex XR Tabs SR 1g 60,$20
Metex XR Tabs SR 500mg 120,$20
Methoblastin Tablets 10mg 15,$35
Methoblastin Tablets 10mg 50,$70
Methoblastin Tablets 2.5mg 30,$25
Methotrexate DBL Inj 50mg/2mL 5,$50
Metoclopramide APO Tablets 10mg 100,$25
Metoclopramide APO Tablets 10mg 25,$20
Metoprolol APO Tablets 100mg 60,$20
Metoprolol APO Tablets 50mg 100,$20
Metrogyl Tablets 200mg 21,$25
Metrogyl Tablets 400mg 21,$25
Metrol Tablets 100mg 60,$20
Metrol Tablets 50mg 100,$20
Metrol-XL Tabs SR 190mg 30,$75
Metrol-XL Tabs SR 23.75mg 15,$25
Metrol-XL Tabs SR 47.5mg 30,$60
Metrol-XL Tabs SR 95mg 30,$70
Metronidazole DBL Infusion 500mg/100mL 10,$45
Metronide Tablets 200mg 21,$25
Metronide Tablets 400mg 21,$25
Micardis Plus Tablets 40mg-12.5mg 28,$30
Micardis Plus Tablets 80mg-12.5mg 28,$30
Micardis Plus Tablets 80mg-25mg 28,$35
Micardis Tablets 40mg 28,$30
Micardis Tablets 80mg 28,$35
Microgynon 20 ED Tablets 100mcg-20mcg(28) 1,$35
Microgynon 20 ED Tablets 100mcg-20mcg(28) 3,$190
Microgynon 30 ED Tablets 150mcg-30mcg(28) 4,$50
Microgynon 50 ED Tablets 125mcg-50mcg(28) 4,$30
Microlevlen ED Tablets 100mcg-20mcg(28) 1,$30
Microlevlen ED Tablets 100mcg-20mcg(28) 3,$50
Microlut Tablets 30mcg(28) 4,$30
Micronelle 20 ED Tablets 100mcg-20mcg(28) 1,$20
Micronelle 20 ED Tablets 100mcg-20mcg(28) 3,$25
Micronelle 30 ED Tablets 150mcg-30mcg(28) 4,$25
Micronor Tablets 350mcg(28) 4,$30
Minipress Tablets 1mg 100,$30
Minipress Tablets 2mg 100,$30
Minipress Tablets 5mg 100,$30
Minirin Tablets 200mcg 30,$75
Minomycin Tablets 50mg 60,$30
Minulet Tablets 30mcg-75mcg(28) 3,$55
Mirtanza ODT SolTabs 15mg 30,$25
Mirtanza ODT SolTabs 30mg 30,$25
Mirtanza ODT SolTabs 45mg 30,$30
Mirtanza Tablets 15mg 30,$20
Mirtanza Tablets 30mg 30,$20
Mirtanza Tablets 45mg 30,$25
Mirtazapine APO Tablets 15mg 30,$20
Mirtazapine APO Tablets 30mg 30,$20
Mirtazapine APO Tablets 45mg 30,$25
Mirtazapine APX Tablets 15mg 30,$20
Mobic Capsules 15mg 30,$30
Mobic Capsules 7.5mg 30,$30
Mobic Tablets 15mg 30,$30
Mobic Tablets 7.5mg 30,$30
Moclobemide APO Tablets 150mg 60,$30
Moclobemide APO Tablets 300mg 60,$35
Modafinil APO Tablets 100mg 60,$120
Modavigil Tablets 100mg 30,$130
Moduretic Tablets 50mg-5mg 50,$30
Mogadon Tablets 5mg 25,$20
Monodur Tabs SR 120mg 30,$30
Monofeme Tablets 150mcg-30mcg(28) 4,$50
Monopril Tablets 10mg 30,$50
Monopril Tablets 20mg 30,$30
Montelukast APO Chew Tabs 4mg 28,$35
Montelukast APO Chew Tabs 5mg 28,$35
Montelukast APO Tablets 10mg 28,$45
Motilium Tablets 10mg 100,$45
Motilium Tablets 10mg 25,$20
Mounjaro Vial 10mg/0.5mL 1,$160
Mounjaro Vial 12.5mg/0.5mL 1,$220
Mounjaro Vial 15mg/0.5mL 1,$220
Mounjaro Vial 2.5mg/0.5mL 1,$120
Mounjaro Vial 5mg/0.5mL 1,$120
Mounjaro Vial 7.5mg/0.5mL 1,$160
Movalis Capsules 15mg 30,$25
Movalis Tablets 15mg 30,$25
Movalis Tablets 7.5mg 30,$20
Moxotens Tablets 0.2mg 30,$20
Moxotens Tablets 0.4mg 30,$30
Mupirocin APO Ointment 2% 15g 1,$40
Mupirocin Medsurge  Nasal Oint 2% 5g 1,$40
Murelax Tablets 30mg 25,$20
Mycophenolate APO Capsules 250mg 100,$80
Mycophenolate APO Tablets 500mg 50,$80
Myfortic Tabs EC 360mg 120,$220
Naltrexone 1.5MG 100 CAPS (EXP 180 DAYS ) 1,$120
Naltrexone 3MG 100 CAPS (EXP 180 DAYS ) 1,$130
Naltrexone 4.5MG 100 CAPS (EXP 30 DAYS ) 1,$160
Naltrexone APO Tablets 50mg 30,$130
Naprosyn Tablets 250mg 50,$35
Naprosyn Tablets 500mg 50,$25
Naprosyn Tabs SR 1000mg 28,$30
Naprosyn Tabs SR 750mg 28,$30
Naramig Tablets 2.5mg 4,$40
Nasonex Jr Nasal Spray 50mcg/d 65d 1,$35
Natrilix Tablets 2.5mg 90,$35
Natrilix Tabs SR 1.5mg 90,$35
Nebivolol APO Tablets 10mg 28,$75
Nebivolol APO Tablets 5mg 28,$70
Neo-B12 Ampoule 1000mcg/1mL 1mL 3,$30
NeoMercazole Tablets 5mg 100,$30
Neurontin Capsules 100mg 100,$30
Neurontin Capsules 300mg 100,$35
Nexium Hp7 Pack 20mg[14]500mg[14]500mg[28] 1,$60
Nexium Sachet 10mg 30,$55
Nexium Tabs EC 20mg 30,$30
Nexium Tabs EC 40mg 30,$35
Nexole Tabs EC 20mg 30,$25
Nexole Tabs EC 40mg 30,$30
Nicorandil APO Tablets 10mg(60) 1,$35
Nicorandil APO Tablets 20mg(60) 1,$35
Nidem Tablets 80mg 100,$20
Nifedipine XR APO Tabs SR 30mg 30,$30
Nifedipine XR APO Tabs SR 60mg 30,$30
Nilstat Oral Capsules 500000U 50,$30
Nilstat Oral Tablets 500000U 50,$30
Nitrofurantoin APO Capsules 100mg 30,$35
Nitrofurantoin APO Capsules 50mg 30,$35
Nitrolingual Pmp Subl Spray 400mcg/d 200d 1,$35
Nizac Capsules 150mg 60,$30
Nizac Capsules 300mg 30,$30
Nolvadex-D Tablets 20mg 30,$35
Nordette Tablets 150mcg-30mcg(28) 4,$40
Norflex Tablets 100mg 100,$70
Norfloxacin APO Tablets 400mg 14,$25
Norgesic (bt) Tablets 35mg-450mg 100,$55
Norgesic Tablets 35mg-450mg 24,$35
Norimin 28 Tablets 500mcg-35mcg(28) 4,$30
Norimin-1 28 Tablets 1mg-35mcg(28) 4,$30
Norinyl-1 Tablets 1mg-50mcg(28) 4,$30
Normison Tablets 10mg 25,$20
Norvasc Tablets 10mg 30,$35
Norvasc Tablets 5mg 30,$35
Noten (bl) Tablets 50mg 30,$20
Novasone Cream 0.1% 15g 1,$25
Novasone Lotion 0.1% 30mL 1,$25
Novasone Ointment 0.1% 15g 1,$25
Noxafil Susp 40mg/1mL 105mL 1,$690
Noxafil Tablets 100mg 24,$850
Ocuflox Eye Drops 0.3% 5mL 1,$35
Ocuzo Eye Drops 0.5% 10mL 1,$30
Olanzapine APO ODT Wafers 10mg 28,$30
Olanzapine APO ODT Wafers 15mg 28,$40
Olanzapine APO ODT Wafers 20mg 28,$45
Olanzapine APO ODT Wafers 5mg 28,$25
Olanzapine APO Tablets 10mg 28,$40
Olanzapine APO Tablets 2.5mg 28,$30
Olanzapine APO Tablets 5mg 28,$35
Olanzapine APO Tablets 7.5mg 28,$35
Olmekar Tablets 20mg-5mg 30,$30
Olmekar Tablets 40mg-10mg 30,$30
Olmekar Tablets 40mg-5mg 30,$30
Olmertan Combi Tablets 20mg-12.5mg 30,$30
Olmertan Combi Tablets 40mg-12.5mg 30,$30
Olmertan Combi Tablets 40mg-25mg 30,$30
Olmertan Tablets 20mg 30,$30
Olmertan Tablets 40mg 30,$30
Olmesartan HCTZ APO Tablets 20mg-12.5mg 30,$30
Olmesartan HCTZ APO Tablets 40mg-12.5mg 30,$30
Olmesartan HCTZ APO Tablets 40mg-25mg 30,$35
Olmetec Plus Tablets 20mg-12.5mg 30,$30
Olmetec Plus Tablets 40mg-12.5mg 30,$35
Olmetec Plus Tablets 40mg-25mg 30,$35
Olmetec Tablets 20mg 30,$30
Olmetec Tablets 40mg 30,$35
Omacor Capsules 1000mg 28,$75
Omeprazole APO (bl) Tabs EC 20mg 30,$30
Omnaris Nasal Spray 50mcg/d 120d 1,$60
Ondansetron APO ODT Wafers 4mg 10,$30
Ondansetron APO ODT Wafers 4mg 4,$20
Ondansetron APO ODT Wafers 4mg 4,$20
Ondansetron APO ODT Wafers 8mg 10,$35
Ondansetron APO ODT Wafers 8mg 4,$25
Ondansetron APO Tablets 4mg 10,$25
Ondansetron APO Tablets 4mg 4,$20
Ondansetron APO Tablets 8mg 10,$35
Ondansetron APO Tablets 8mg 4,$25
Onglyza Tablets 2.5mg 28,$75
Onglyza Tablets 5mg 28,$75
Oratane Capsules 10mg 60,$45
Oratane Capsules 20mg 60,$60
Oratane Capsules 40mg 30,$60
Oratane Capsules 5mg 60,$35
Oripro Pessaries 200mg 15,$80
Oroxine Tablets 100mcg 200,$35
Oroxine Tablets 200mcg 200,$45
Oroxine Tablets 50mcg 200,$35
Oroxine Tablets 75mcg 200,$35
Orudis Caps SR 200mg 28,$35
Oruvail Caps SR 200mg 28,$30
Otocomb Otic Ear Drops 7.5mL 1,$20
Otocomb Otic Ear Oint 5g 1,$20
Otodex Ear Drops 8mL 1,$20
Ovestin Vag Cream 1mg/1g 15g 1,$35
Oxis Turbuhaler Inh Pwdr 12mcg/d 60d 1,$50
Oxis Turbuhaler Inh Pwdr 6mcg/d 60d 1,$40
Oxybutynin HCL 5mg 84 tabs  1,$35
Ozempic 0.25/0.5 Pref Pen 1.34mg/mL 1.5mL 1,$230
Ozempic 1 Pref Pen 1.34mg/mL 3mL 1,$230
Ozmep Tabs EC 20mg 30,$20
Panafcort Tablets 1mg 100,$20
Panafcort Tablets 25mg 30,$20
Panafcort Tablets 5mg 60,$20
Panafcortelone Tablets 1mg 100,$20
Panafcortelone Tablets 25mg 30,$20
Panafcortelone Tablets 5mg 60,$20
Parbezol Tabs EC 10mg 28,$20
Parbezol Tabs EC 20mg 30,$20
Pariet Tabs EC 10mg 28,$25
Pariet Tabs EC 20mg 30,$30
Paroxetine APO Tablets 20mg 30,$20
Patanol Eye Drops 0.1% 5mL 1,$70
Pavtide MDI Inhaler 125mcg-25mcg 120d 1,$60
Pavtide MDI Inhaler 250mcg-25mcg 120d 1,$75
Perindopril APO Tablets 2mg 30,$20
Perindopril APO Tablets 4mg 30,$20
Perindopril APO Tablets 8mg 30,$30
Phentodur Caps SR 15mg 30,$110
Phentodur Caps SR 30mg 30,$120
Phentodur Caps SR 40mg 30,$120
Phosphate Phebra Effervs Tabs 500mg 100,$110
Physiotens Tablets 0.2mg 30,$30
Physiotens Tablets 0.4mg 30,$35
Piax Tablets 75mg 28,$30
Pioglitazone APO Tablets 15mg 28,$35
Pioglitazone APO Tablets 30mg 28,$35
Pioglitazone APO Tablets 45mg 28,$35
Placil Tablets 25mg 50,$25
Plaquenil Tablets 200mg 100,$45
Plavix Tablets 75mg 28,$20
Plendil ER Tabs SR 10mg 30,$35
Plendil ER Tabs SR 2.5mg 30,$30
Plendil ER Tabs SR 5mg 30,$30
Plidogrel Tablets 75mg 28,$30
Ponstan Capsules 250mg 50,$30
Pravachol Tablets 10mg 30,$30
Pravachol Tablets 20mg 30,$30
Pravachol Tablets 40mg 30,$30
Pravachol Tablets 80mg 30,$35
Prazosin APO Tablets 1mg 100,$30
Prazosin APO Tablets 2mg 100,$30
Prazosin APO Tablets 5mg 100,$35
Prebalin Capsules 25mg 56,$20
Prebalin Capsules 300mg 56,$35
Prebalin Capsules 75mg 56,$30
PredMix Oral Liq 5mg/1mL 30mL 1,$25
Prednefrin Forte Eye Drops 1%-0.12% 10mL 1,$40
Predsolone Tablets 1mg 100,$20
Predsone Tablets 1mg 100,$20
Premarin Tablets 0.3mg 28,$45
Premarin Tablets 0.625mg 28,$50
Presolol Tablets 100mg 100,$35
Presolol Tablets 200mg 100,$50
Prilace Capsules 10mg 30,$30
Prilace Tablets 1.25mg 30,$20
Prilace Tablets 2.5mg 30,$20
Prilace Tablets 5mg 30,$20
Primoteston Depot Syringe 250mg/1mL 1mL 3,$55
Priorix Vial 0.5mL 1,$50
Pristiq Tabs SR 100mg 28,$35
Pristiq Tabs SR 50mg 28,$30
Pritor/Amlodipine Tablets 80mg-10mg 28,$30
Pritor/Amlodipine Tablets 80mg-5mg 28,$30
Pro-Banthine Tablets 15mg 100,$45
Probitor (bl) Capsules 20mg 30,$25
Probitor (bt) Capsules 20mg 30,$25
ProCalm Tablets 5mg 25,$20
Prochlorperazine APO Tablets 5mg 25,$20
Progout Tablets 100mg 200,$30
Progout Tablets 300mg 60,$30
Progynova Tablets 1mg 56,$20
Progynova Tablets 2mg 56,$25
Propecia Tablets 1mg 28,$120
Propranolol APO Tablets 10mg 100,$20
Propranolol APO Tablets 40mg 100,$30
PROQUIN 500MG TAB 14S BL 1,$60
Provera Tablets 10mg 100,$60
Provera Tablets 10mg 30,$35
Provera Tablets 2.5mg 56,$30
Provera Tablets 5mg 56,$35
Proxen (bl) Tabs SR 1000mg 28,$25
Proxen (bl) Tabs SR 750mg 28,$20
Prozac Capsules 20mg 28,$25
Prozac Disp Tabs 20mg 28,$25
Pryzex ODT Wafers 10mg 28,$30
Pryzex ODT Wafers 15mg 28,$40
Pryzex ODT Wafers 20mg 28,$45
Pryzex ODT Wafers 5mg 28,$25
Pryzex Tablets 10mg 28,$30
Pryzex Tablets 2.5mg 28,$20
Pryzex Tablets 5mg 28,$25
Pryzex Tablets 7.5mg 28,$30
Pulmicort Respules 0.5mg/2mL(30) 1,$50
Pulmicort Respules 1mg/2mL(30) 1,$60
Pulmicort Turbuhaler Inh Pwdr 100mcg 200d 1,$35
Pulmicort Turbuhaler Inh Pwdr 200mcg 200d 1,$40
Pulmicort Turbuhaler Inh Pwdr 400mcg 200d 1,$55
PYRIDOX TABLETS 25mg 100 1,$20
Qlaira Tablets 3,$110
Qvar Autohaler 100mcg 200d 1,$55
Qvar Autohaler 50mcg 200d 1,$40
Qvar Inhaler 100mcg 200d 1,$45
Qvar Inhaler 50mcg 200d 1,$30
Rabeprazole APO Tabs EC 10mg 28,$20
Rabeprazole APO Tabs EC 20mg 30,$20
Ralovera Tablets 10mg 30,$25
Ralovera Tablets 5mg 56,$30
Ralovista Tablets 60mg 28,$60
Raloxifene APO (bl) Tablets 60mg 28,$55
Ramipril APO Capsules 1.25mg 30,$20
Ramipril APO Capsules 10mg 30,$20
Ramipril APO Capsules 2.5mg 30,$25
Ramipril APO Capsules 5mg 30,$25
Ramipril APO Tablets 10mg 30,$30
Ramipril APO Tablets 2.5mg 30,$20
Ramipril APO Tablets 5mg 30,$20
Ranitidine APO Tablets 150mg 60,$30
Ranitidine APO Tablets 300mg 30,$25
Reaptan 10/10 Tablets 10mg-10mg 30,$30
Reaptan 10/5 Tablets 10mg-5mg 30,$30
Reaptan 5/10 Tablets 5mg-10mg 30,$30
Reaptan 5/5 Tablets 5mg-5mg 30,$30
Redipred Oral Liq 5mg/1mL 30mL 1,$30
Relpax Tablets 40mg 4,$35
Relpax Tablets 80mg 4,$35
Remeron SolTabs 15mg 30,$30
Renagel Tablets 800mg 180,$220
Renitec Plus Tablets 20mg-6mg 30,$30
Renitec Tablets 10mg 30,$35
Renitec Tablets 20mg 30,$35
Resprim Forte Tablets 160mg-800mg 10,$35
Resprim Forte Tablets 160mg-800mg 10,$70
Resprim Tablets 80mg-400mg 10,$25
ReTrieve Cream 0.05% 50g 1,$85
Risedro Once-a-Week Tablets 35mg 4,$45
Risedronate AN Tablets 35mg 4,$50
Risedronate APO Tablets 150mg 1,$50
Risedronate APO Tablets 35mg 4,$50
Rispa Tablets 0.5mg 60,$25
Rispa Tablets 1mg 60,$25
Rispa Tablets 2mg 60,$35
Rispa Tablets 3mg 60,$45
Rispa Tablets 4mg 60,$60
Risperdal Oral Soln 1mg/1mL 30mL 1,$55
Risperdal Tablets 0.5mg 20,$35
Risperdal Tablets 1mg 60,$25
Risperdal Tablets 2mg 60,$35
Risperidone APO Tablets 0.5mg 20,$20
Risperidone APO Tablets 0.5mg 60,$25
Risperidone APO Tablets 1mg 60,$25
Risperidone APO Tablets 2mg 60,$35
Risperidone APO Tablets 3mg 60,$45
Risperidone APO Tablets 4mg 60,$60
Rivotril Tablets 0.5mg 100,$30
Rivotril Tablets 0.5mg 50,$30
Rivotril Tablets 2mg 100,$35
Rivotril Tablets 2mg 100,$55
Rixalt Wafers 10mg 2,$30
Rizatriptan AN ODT Wafers 10mg 2,$30
Rizatriptan APO ODT Wafers 10mg 2,$30
Rizatriptan ODT APOTEX Wafers 10mg 2,$35
Roaccutane Capsules 20mg 30,$70
Rocaltrol Capsules 0.25mcg 100,$50
Rosuzet Composite Pack Tablets 10mg [30] 10mg [30] 1,$40
Rosuzet Composite Pack Tablets 10mg [30] 20mg [30] 1,$40
Rosuzet Composite Pack Tablets 10mg [30] 40mg [30] 1,$40
Rosuzet Composite Pack Tablets 10mg [30] 5mg [30] 1,$40
Roxar Tablets 150mg 10,$25
Roxar Tablets 300mg 5,$35
Roximycin Tablets 150mg 10,$20
Roximycin Tablets 300mg 5,$20
Roxin Tablets 400mg 14,$20
Rozex Cream 0.75% 30g 1,$75
Rozex Gel 0.75% 50g 1,$85
Ryaltris Nasal Spray 600mcg-25mcg(240) 1,$70
Salbutamol APO Nebules 2.5mg/2.5mL(30) 1,$30
Salbutamol APO Nebules 5mg/2.5mL(30) 1,$30
Sandomigran Tablets 0.5mg 100,$35
Sandrena Gel 1mg/1g(28) 1g 1,$30
Saxenda Soln For Inj 6mg/mL 3mL 5,$465
Scheriproct Ointment 5mg-1.9mg 30g 1,$75
Scheriproct Suppositories 1mg-1.3mg(12) 1,$55
Septrin Forte Tablets 160mg-800mg 10,$30
Septrin Forte Tablets 160mg-800mg 10,$50
Septrin SF Susp 40mg-200mg/5mL 100mL 1,$30
Serc Tablets 16mg 25,$40
Sertra Tablets 100mg 30,$20
Sertra Tablets 50mg 30,$20
Sevikar HCT Tablets 20mg-5mg-12.5mg 30,$35
Sevikar HCT Tablets 40mg-10mg-12.5mg 30,$35
Sevikar HCT Tablets 40mg-10mg-25mg 30,$40
Sevikar HCT Tablets 40mg-5mg-12.5mg 30,$35
Sevikar HCT Tablets 40mg-5mg-25mg 30,$35
Sevikar Tablets 20mg-5mg 30,$30
Sevikar Tablets 40mg-10mg 30,$35
Sevikar Tablets 40mg-5mg 30,$35
Shingrix Vial 50mcg 0.5mL 1,$300
Sifrol ER Tabs SR 0.375mg 30,$30
Sifrol ER Tabs SR 0.75mg 30,$35
Sifrol Tablets 0.125mg 30,$20
Sifrol Tablets 0.25mg 100,$45
Sigmacort Cream 1% 30g 1,$20
Sigmacort Cream 1% 50g 1,$30
Sigmacort Ointment 1% 30g 1,$20
Sigmacort Ointment 1% 50g 1,$30
Sigmaxin PG Tablets 62.5mcg 200,$20
Sigmaxin Tablets 250mcg 100,$20
Sildenafil APO Tablets 100mg 12,$60
Sildenafil APO Tablets 100mg 4,$25
Sildenafil APO Tablets 25mg 4,$25
Sildenafil APO Tablets 50mg 4,$25
Simvar Tablets 10mg 30,$20
Simvar Tablets 20mg 30,$20
Simvar Tablets 40mg 30,$20
Simvar Tablets 80mg 30,$30
Singulair Chew Tabs 4mg 28,$30
Singulair Chew Tabs 5mg 28,$30
Singulair Tablets 10mg 28,$120
Slow K Tabs SR 600mg 100,$30
Sodibic Capsules 840mg 100,$30
Sofradex Ear Drops 8mL 1,$25
Soframycin Eye Drops 5mg/1mL 8mL 1,$20
SOFRAMYCIN EYE EAR OINT 1,$20
Solaraze Gel 3% 25g 1,$75
Solavert Tablets 160mg 60,$25
Solavert Tablets 80mg 60,$20
Solian Tablets 100mg 30,$30
Solian Tablets 200mg 60,$60
Solian Tablets 400mg 60,$80
Solicare Tablets 10mg 30,$45
Solicare Tablets 5mg 30,$35
Solone Tablets 25mg 30,$20
Solone Tablets 5mg 60,$20
Somac (bl) Tabs EC 40mg 30,$20
Somac Sachet 40mg 30,$45
Somac Tabs EC 20mg 30,$20
Sone Tablets 25mg 30,$20
Sone Tablets 5mg 60,$20
Sotacor Tablets 160mg 60,$35
Sotacor Tablets 80mg 60,$30
Sozol Tabs EC 20mg 30,$20
Sozol Tabs EC 40mg 30,$20
Span K Tabs SR 600mg 200,$35
Spedra Tablets 100mg 4,$75
Spedra Tablets 50mg 4,$75
Spiractin Tablets 100mg 100,$45
Spiractin Tablets 25mg 100,$30
Sporanox Capsules 100mg 15,$110
Sporanox Capsules 100mg 28,$130
Sporanox Capsules 100mg 60,$160
Sporanox Oral Soln 10mg/1mL 150mL 1,$190
Staphylex Capsules 250mg 24,$25
Staphylex Capsules 500mg 24,$30
Stemetil Tablets 5mg 25,$25
Stemzine Tablets 5mg 25,$20
Stieva A Cream 0.025% 25g 1,$40
Stieva A Cream 0.05% 25g 1,$45
STIEVA A CRM 0.1%  25G FORTE 1,$50
Stildem Tablets 10mg 14,$20
Stildem Tablets 10mg 7,$20
Stilnox CR Tabs SR 12.5mg 14,$45
Stilnox CR Tabs SR 6.25mg 14,$35
Stilnox Tablets 10mg 14,$45
Stilnox Tablets 10mg 7,$35
Stromectol Tablets 3mg 4,$45
SUMATRAN 100MG TAB 2 1,$35
Sumatran Tablets 100mg 2,$35
Sumatran Tablets 50mg 2,$20
Sumatran Tablets 50mg 4,$55
Symbicort Rapihaler Inhaler 100mcg-3mcg 120d 1,$45
Symbicort Rapihaler Inhaler 200mcg-6mcg 120d 1,$55
Symbicort Rapihaler Inhaler 50mcg-3mcg 120d 1,$40
Symbicort Turbuhaler Inh Pwdr 100mcg-6mcg 120d 1,$70
Symbicort Turbuhaler Inh Pwdr 200mcg-6mcg 120d 1,$60
Symbicort Turbuhaler Inh Pwdr 400mcg-12mcg 60d 2,$80
Tacidine Capsules 150mg 60,$30
Tacidine Capsules 300mg 30,$30
Tacrolimus APO Capsules 0.5mg 100,$130
Tacrolimus APO Capsules 1mg 100,$250
Tacrolimus APO Capsules 5mg 50,$650
Tadalafil APO Tablets 10mg 4,$35
Tadalafil APO Tablets 20mg 4,$35
Tadalafil APO Tablets 20mg 8,$50
Tadalafil APO Tablets 5mg 28,$50
Talam (bl) Tablets 20mg 28,$20
Talam Tablets 10mg 28,$20
Talam Tablets 40mg 28,$20
Tamiflu Capsules 30mg 10,$40
Tamiflu Capsules 45mg 10,$60
Tamiflu Capsules 75mg 10,$70
TAMIFLU SUSP 12MG 75ML 1,$60
Tamiflu Susp 6mg/1mL 65mL 1,$40
Tamoxen Tablets 20mg 60,$50
Tamsil Tablets 250mg 42,$35
Tamsulosin APO Tabs SR 400mcg 30,$55
Tarka Tabs SR 2mg-180mg 28,$35
Tarka Tabs SR 4mg-240mg 28,$40
Tazac Capsules 150mg 60,$40
Tazac Capsules 300mg 30,$40
Tegretol CR Tabs SR 200mg 200,$50
Tegretol Susp 20mg/1mL 300mL 1,$35
Tegretol Tablets 100mg 100,$50
Tegretol Tablets 200mg 100,$60
Teltartan HCT Tablets 40mg-12.5mg 28,$20
Teltartan HCT Tablets 80mg-12.5mg 28,$30
Teltartan HCT Tablets 80mg-25mg 28,$20
Teltartan Tablets 40mg 28,$20
Teltartan Tablets 80mg 28,$30
Temaze Tablets 10mg 25,$20
Temaze Tablets 10mg 25,$20
Temaze Tablets 10mg 25,$20
Tenaxil SR Tabs SR 1.5mg 90,$30
Tenopt Eye Drops 0.5% 5mL 1,$20
Tenormin Tablets 50mg 30,$40
Tensig (bl) Tablets 50mg 30,$20
Terbinafine APO Tablets 250mg 42,$35
Tevaripiprazole Tablets 10mg 30,$130
Tevaripiprazole Tablets 15mg 30,$170
Tevaripiprazole Tablets 20mg 30,$220
Tevaripiprazole Tablets 30mg 30,$250
Teveten Plus Tablets 600mg-12.5mg 28,$40
Teveten Tablets 400mg 28,$50
Teveten Tablets 600mg 28,$45
Tibolone APO Tablets 2.5mg 28,$55
Timoptol Eye Drops 0.5% 5mL 1,$25
Timoptol XE Eye Drops 0.25% 2.5mL 1,$25
Timoptol XE Eye Drops 0.5% 2.5mL 1,$25
Topamax Sprinkle Capsules 15mg 60,$30
Topamax Sprinkle Capsules 25mg 60,$35
Topamax Sprinkle Capsules 50mg 60,$50
Topamax Tablets 100mg 60,$45
Topamax Tablets 25mg 60,$30
Topamax Tablets 50mg 60,$35
Topiramate APO Tablets 100mg 60,$35
Topiramate APO Tablets 200mg 60,$55
Topiramate APO Tablets 25mg 60,$25
Topiramate APO Tablets 50mg 60,$30
Toprol XL Tabs SR 190mg 30,$75
Toprol XL Tabs SR 47.5mg 30,$60
Toprol XL Tabs SR 95mg 30,$70
Tranalpha Capsules 0.5mg 28,$20
Tranalpha Capsules 4mg 28,$35
Trandolapril APO Capsules 0.5mg 28,$20
Trandolapril APO Capsules 1mg 28,$25
Trandolapril APO Capsules 2mg 28,$25
Trandolapril APO Capsules 4mg 28,$30
Transiderm Nitro 25 Patches 5mg/24hours 30,$40
Transiderm Nitro 50 Patches 10mg/24hours 30,$50
Triasyn Tabs SR 2.5mg-2.5mg 30,$30
Triasyn Tabs SR 5mg-5mg 30,$30
Tricortone Cream 0.02% 100g 1,$30
Tricortone Ointment 0.02% 100g 1,$30
Trifeme Tablets (28) 4,$50
Triphasil Tablets (28) 4,$45
Triprim Tablets 300mg 7,$35
Triquilar ED Tablets (28) 4,$45
Trisequens Tablets (28) 1,$60
Tritace Capsules 10mg 30,$30
Tritace Tablets 1.25mg 30,$20
Tritace Tablets 10mg 30,$30
Tritace Tablets 2.5mg 30,$20
Tritace Tablets 5mg 30,$20
Trulicity Pref Pen 1.5mg/0.5mL 4,$200
Trusopt Eye Drops 20mg/1mL 5mL 1,$30
Tryzan Capsules 1.25mg 30,$20
Tryzan Capsules 10mg 30,$30
Tryzan Capsules 2.5mg 30,$20
Tryzan Capsules 5mg 30,$20
Tryzan Tablets 1.25mg 30,$20
Tryzan Tablets 10mg 30,$20
Tryzan Tablets 2.5mg 30,$20
Tryzan Tablets 5mg 30,$20
Twinrix Inj 1mL 1,$110
Twinrix Jr Inj 0.5mL 1,$75
Twynsta Tablets 40mg-10mg 28,$35
Twynsta Tablets 40mg-5mg 28,$35
Twynsta Tablets 80mg-10mg 28,$35
Twynsta Tablets 80mg-5mg 28,$35
Typherix Pref Syrng 25mcg/0.5mL 1,$60
Typhim Vi Pref Syrng 0.025mg/0.5mL 1,$85
Ulcaid Tablets 150mg 60,$25
Vagifem Low Pessaries 10mcg 18,$50
Valaciclovir APO Tablets 1000mg 4,$50
Valaciclovir APO Tablets 500mg 10,$30
Valaciclovir APO Tablets 500mg 30,$55
Valaciclovir APOTEX Tablets 500mg 10,$25
Valaciclovir APOTEX Tablets 500mg 30,$35
Valaciclovir APOTEX Tablets 500mg 42,$45
Valaciclovir APX Tablets 500mg 30,$35
Valaciclovir APX Tablets 500mg 42,$45
Valdoxan Tablets 25mg 28,$110
Valdoxan Tablets 25mg 56,$160
Valette Tablets 2mg-30mcg(28) 1,$50
Valette Tablets 2mg-30mcg(28) 3,$110
Valprease Tabs EC 200mg 100,$30
Valprease Tabs EC 500mg 100,$45
Valpro Tabs EC 500mg 100,$35
Valsartan APO Tablets 160mg 28,$30
Valsartan APO Tablets 320mg 28,$35
Valsartan APO Tablets 40mg 28,$25
Valsartan APO Tablets 80mg 28,$30
Valsartan HCTZ APO Tablets 160mg-12.5mg 28,$35
Valsartan HCTZ APO Tablets 320mg-12.5mg 28,$40
Valsartan HCTZ APO Tablets 320mg-25mg 28,$40
Valtrex Tablets 1000mg 4,$50
Valtrex Tablets 500mg 10,$30
Valtrex Tablets 500mg 30,$40
Valtrex Tablets 500mg 42,$50
Vancomycin HCl DBL Vial 500mg 1,$20
Vancomycin SNZ Vial 1g 1,$25
VANIQA 30G 1,$120
Varilrix Inj 0.5mL 1,$75
Varivax Vial 0.5mL 1,$85
Vasafil Tablets 100mg 12,$35
Vasafil Tablets 100mg 4,$25
Vasafil Tablets 25mg 4,$20
Vasafil Tablets 50mg 4,$30
Vasocardol CD Caps SR 180mg 30,$25
Vasocardol CD Caps SR 240mg 30,$30
Vasocardol CD Caps SR 360mg 30,$35
Vasocardol Tablets 60mg 90,$30
Vaxigrip Pref Syrng 45mcg/0.5mL 0.5mL 1,$40
Ventolin CFC-free Inhaler 100mcg/d 200d 1,$30
Ventolin Syrup 2mg/5mL 150mL 1,$35
Versatis Patches 5% 30,$160
Vesicare Tablets 10mg 30,$110
Vesicare Tablets 5mg 30,$90
Viagra Tablets 100mg 12,$50
Viagra Tablets 100mg 4,$30
Viagra Tablets 25mg 4,$30
Viagra Tablets 50mg 4,$35
Victoza Soln For Inj 6mg/mL 3mL 2,$160
Victoza Soln For Inj 6mg/mL 3mL 3,$250
ViruPOS Eye Oint 30mg/1g 4.5g 1,$50
Vivaxim Inj 160U-25mcg/1mL 1,$160
VOLTAREN EMULGEL 150G GEL 11.6mg/g 15 1,$50
Voltaren Emulgel Gel 1% 50g 1,$25
Voltaren Ophtha Eye Drops 0.1% 5mL 1,$45
Voltaren Rapid Tablets 50mg 20,$30
Voltaren Tabs EC 25mg 50,$30
Voltaren Tabs EC 50mg 50,$20
Vytorin Tablets 10mg-10mg 30,$35
Vytorin Tablets 10mg-20mg 30,$35
Vytorin Tablets 10mg-40mg 30,$35
Vytorin Tablets 10mg-80mg 30,$35
Xalacom Eye Drops 50mcg-5mg/1mL 2.5mL 1,$30
Xalatan Eye Drops 50mcg/1mL 2.5mL 1,$25
Xigduo XR Tabs SR 10mg-1000mg 28,$75
Xigduo XR Tabs SR 10mg-500mg 28,$75
Xigduo XR Tabs SR 5mg-1000mg 56,$75
Xolair Inj 150mg/1mL 1mL 1,$450
Yasmin Tablets 30mcg-3mg(28) 1,$50
Yasmin Tablets 30mcg-3mg(28) 3,$110
YAZ FLEX FTB CARTPT 1 X 30 1,$50
Yaz Flex Tablets 20mcg-3mg(30) 4,$110
Yaz Tablets 20mcg-3mg(28) 1,$50
Yaz Tablets 20mcg-3mg(28) 3,$110
Zactin Capsules 20mg 28,$25
Zactin Disp Tabs 20mg 28,$25
Zan-Extra 10/10 Tablets 10mg-10mg 28,$30
Zan-Extra 10/20 Tablets 10mg-20mg 28,$30
Zanidip Tablets 10mg 28,$30
Zanidip Tablets 20mg 28,$30
Zelitrex Tablets 500mg 10,$25
Zelitrex Tablets 500mg 30,$35
Zelitrex Tablets 500mg 42,$45
Zempreon CFC-free Inhaler 100mcg/d 200d 1,$20
Zestril Tablets 10mg 30,$30
Zestril Tablets 20mg 30,$35
Zestril Tablets 5mg 30,$30
Zidoval Vag Gel 0.75% 40g 1,$50
Zilarex Tablets 10mg 30,$50
Zimstat (bl) Tablets 5mg 30,$20
Zocor Tablets 10mg 30,$30
Zocor Tablets 20mg 30,$35
Zocor Tablets 40mg 30,$35
Zocor Tablets 5mg 30,$20
Zocor Tablets 80mg 30,$35
Zoely Tablets 2.5mg-1.5mg(28) 1,$50
Zoely Tablets 2.5mg-1.5mg(28) 3,$120
Zofran Tablets 4mg 10,$30
Zofran Tablets 4mg 4,$20
Zofran Tablets 8mg 10,$35
Zofran Tablets 8mg 4,$25
Zofran Zydis Wafers 4mg 10,$35
Zofran Zydis Wafers 4mg 4,$25
Zofran Zydis Wafers 8mg 10,$40
Zofran Zydis Wafers 8mg 4,$30
Zoloft Tablets 100mg 30,$25
Zoloft Tablets 50mg 30,$25
Zoltrip Tablets 2.5mg 2,$35
Zomig Tablets 2.5mg 2,$45
Zorac Cream 0.5mg/1g 30g 1,$55
Zyloprim Tablets 100mg 200,$35
Zyloprim Tablets 300mg 60,$35
Zyprexa Tablets 10mg 28,$45
Zyprexa Tablets 2.5mg 28,$35
Zyprexa Tablets 5mg 28,$35
Zyprexa Tablets 7.5mg 28,$35
Zyprexa Zydis Wafers 10mg 28,$45
Zyprexa Zydis Wafers 5mg 28,$35
